reform_type,cost,poverty_pct_cut,child_poverty_pct_cut,poverty_gap_pct_cut,gini_index_pct_cut
Harris CTC Reform,-107189715212.3086,7.331705171718847,17.71938763933457,4.414309359167178,1.5594776870323384
Harris High Earners Revenue Raisers,56525475371.43555,-0.020001554521549007,-0.052368064975271085,-1.0691345917290964,-0.0
Harris EITC Reform,-16281252595.93164,1.3105969848500942,0.010751574880763826,0.8487627699120506,0.016600949150813806
Trump Social Security Reform,-88132483733.81836,0.11511172451970417,1.3865410605930857e-05,0.30504846712529987,-0.08393115441592469
Trump SALT Cap Reform,-83832349900.3125,0.06282783564415863,0.19719766396179994,1.7135093919352251,-0.0
Harris Combined Economic Package,-66945492157.83789,8.732509844107964,17.8515658874684,4.185756329750238,1.5759115271016244
Trump Combined Economic Package,-171309978843.80078,0.1779396890280263,0.19721166991374894,2.0111616362222158,-0.08393115441592469
